year,2.0,2.5,3.0,3.5,4.0,4.5,5.0,5.5,6.0,6.5,7.0,7.5,8.0,8.5,9.0,9.5,10.0,10.5,11.0,11.5,12.0,12.5,13.0,13.5,14.0,14.5,15.0
2015,24.0999999273391,24.723809378487722,25.233333224341983,25.66666639418829,26.009523573375883,26.33333315168108,26.58571397690546,26.7761903490339,26.966666630336217,27.10952359154111,27.22857121058873,27.30952344621931,27.39047586350214,27.48095230829148,27.56190499805269,27.64285759698777,27.690476644606818,27.74285734267462,27.78571419488816,27.828571137927828,27.871428080967494,27.880951926821755,27.890475772676012,27.876190003894624,27.885713849748885,27.86666624886649,27.83333297002883
2016,24.0761904943557,24.77619053068615,25.342857270013717,25.74761899312337,26.10476185026623,26.423809414818173,26.657142639160156,26.828571410406205,27.038095292590913,27.20952388218471,27.342857270013717,27.44761912027995,27.542857306344168,27.609524045671737,27.638095583234513,27.704762140909832,27.742857070196244,27.75714265732538,27.790475845336914,27.799999600365048,27.81428536914644,27.847618738810223,27.871428262619744,27.88095201764788,27.938095092773438,27.9476189386277,27.94761884780157
2017,23.99523807707287,24.680952344621932,25.33333324250721,25.7523809160505,26.10952377319336,26.452380952380953,26.704762050083705,26.961904798235214,27.20476195925758,27.39047640845889,27.571428571428573,27.709523700532458,27.78095209030878,27.847618557157972,27.876190003894624,27.899999618530273,27.94285692487444,27.957142693655832,27.99047615414574,28.01904769170852,28.02380961463565,28.02857153756278,28.00476192292713,28.038095292590913,28.038095292590913,28.071428753080824,28.066666830153693
2018,24.000000090826127,24.580952508108957,25.038095292590913,25.485714412870863,25.85714294796898,26.21904772803897,26.55238115219843,26.823809669131325,27.066666739327566,27.2523809160505,27.39047622680664,27.509523936680385,27.609524045671737,27.719047818865096,27.804761977422807,27.857142675490607,27.91904740106492,27.961904616582963,28.0,28.047619229271298,28.05714307512556,28.095238367716473,28.109524045671737,28.133333478655135,28.157143002464657,28.180952526274183,28.161904925391788
2019,23.90952373686291,24.595238095238095,25.17142877124605,25.628571374075754,25.99523807707287,26.342856997535343,26.623809269496373,26.838095256260463,27.061904725574312,27.233333315168107,27.380952471778507,27.485714322044736,27.590476444789342,27.680952526274183,27.72857157389323,27.79999996366955,27.83333297002883,27.86666643051874,27.909523464384534,27.928571156093053,27.93809500194731,27.94285692487444,27.92380932399205,27.91428547813779,27.933333169846307,27.928571246919176,27.957142784481956
2020,24.19047619047619,24.980952399117605,25.538095201764786,25.933333169846307,26.261904580252512,26.523809251331148,26.714285441807338,26.909523827689036,27.080952326456707,27.223809560139973,27.338095256260463,27.433333260672434,27.52857153756278,27.614285786946613,27.714285714285715,27.819047564551944,27.895237877255393,27.933333079020183,27.93809500194731,27.923809233165922,27.899999618530273,27.928571156093053,27.933333079020183,27.961904616582963,27.97142846243722,27.94285692487444,27.923809233165922
2021,24.071428571428573,24.7523809160505,25.29047611781529,25.70476177760533,26.133333206176758,26.471428371611097,26.7761903490339,27.052380788893927,27.257142748151505,27.419047673543293,27.538095383417037,27.638095401582262,27.709523973010835,27.785714285714285,27.83333315168108,27.876190276373002,27.94761884780157,27.96666653951009,27.99523807707287,28.038095383417037,28.047619229271298,28.080952689761208,28.119048073178245,28.142857687813894,28.133333841959637,28.109524227323988,28.109524227323988
2022,24.22857157389323,24.86190496172224,25.295238313220796,25.69047637212844,26.042857306344168,26.342857270013717,26.666666666666668,26.91904758271717,27.14285705203102,27.352380843389604,27.500000090826127,27.61428587777274,27.70476195925758,27.77142842610677,27.814285278320312,27.847618466331845,27.880951926821755,27.928571156093053,27.99523807707287,28.05714307512556,28.104762304396857,28.114286150251115,28.123809996105376,28.114286150251115,28.123809996105376,28.147619429088774,28.142857506161643
2023,24.36190487089611,25.02857153756278,25.5523810613723,26.000000272478378,26.35238129752023,26.66190510704404,26.94285737900507,27.147619156610396,27.338095256260463,27.485714231218612,27.60952359154111,27.72857121058873,27.847618829636346,27.9476189386277,28.03333346048991,28.11428587777274,28.19047619047619,28.233333224341983,28.25714265732538,28.290475845336914,28.30952362787156,28.33333315168108,28.352380570911226,28.347618738810223,28.33333297002883,28.295237768264045,28.290475845336914
2024,24.242857161022368,24.885714213053387,25.471428553263348,25.91428584144229,26.314285641624814,26.690476281302317,26.933333442324685,27.109523682367232,27.280952362787154,27.41904758271717,27.538095201764786,27.666666666666668,27.757142748151505,27.866666521344865,27.952380861554825,28.0,28.05714307512556,28.090476444789342,28.10952413649786,28.10476221357073,28.10476221357073,28.095238367716473,28.076190766834078,28.08571461268834,28.114286150251115,28.11904798235212,28.14285759698777
2025,24.17142877124605,24.819047746204195,25.347619102114724,25.800000054495676,26.233333224341983,26.561904634748185,26.828571410406205,27.061904725574312,27.25238100687663,27.447619211106073,27.60000010899135,27.71904772803897,27.80952380952381,27.890476135980514,27.961904798235214,28.038095383417037,28.109524045671737,28.161904925391788,28.22857139224098,28.29047593616304,28.328570956275577,28.338094802129838,28.319047292073567,28.30952362787156,28.29047593616304,28.2761903490339,28.2523809160505
2026,24.242857070196244,24.952380861554825,25.48571404956636,25.899999800182524,26.223809560139973,26.495237986246746,26.761904671078636,27.014285587129137,27.242856979370117,27.433333351498558,27.619047528221493,27.742857070196244,27.85714276631673,27.957142693655832,28.00952384585426,28.066666920979817,28.114286150251115,28.138095764886764,28.166667302449543,28.190476917085192,28.1952387491862,28.219048000517347,28.190476462954567,28.176190694173176,28.16666684831892,28.109524227323988,28.161905197870162
2027,24.22857157389323,24.933333442324685,25.39523814973377,25.790476299467542,26.152380897885276,26.480952399117605,26.757142838977632,27.052380788893927,27.271428516932897,27.438095365251815,27.628571464901878,27.7476190839495,27.83333324250721,27.904761632283527,27.957142693655832,28.014285768781388,28.05238115219843,28.095238458542596,28.095238458542596,28.114286150251115,28.13333375113351,28.152381261189777,28.2000002179827,28.242857161022368,28.233333315168107,28.22857157389323,28.228571483067103
2028,24.042857033865793,24.79047611781529,25.361904780069988,25.800000054495676,26.266666775658017,26.58571452186221,26.89047622680664,27.16666657584054,27.361904780069988,27.490476244971866,27.609523864019486,27.747619174775622,27.852381025041854,27.961904798235214,28.038095474243164,28.095238458542596,28.152381533668155,28.166667302449543,28.176191148303804,28.180953071230935,28.19047673543294,28.204762322562082,28.22380983261835,28.27142860775902,28.295237859090168,28.304761614118302,28.33333278837658
2029,24.28095245361328,24.94285719735282,25.44285719735282,25.857142857142858,26.28571419488816,26.628571374075754,26.91904758271717,27.180952344621932,27.390476317632768,27.566666557675315,27.69523775009882,27.78095190865653,27.857142312186106,27.93809500194731,28.01904769170852,28.119047891525994,28.161905197870162,28.157143274943035,28.171429043724423,28.200000308808825,28.233333496820357,28.28095227196103,28.30952362787156,28.319047382899694,28.295237949916295,28.29999996366955,28.31428555079869
2030,24.323809487479075,24.74761899312337,25.161904743739537,25.614285786946613,26.038095383417037,26.461904889061337,26.823809669131325,27.104761941092356,27.323809487479075,27.533333369663783,27.69523811340332,27.83333342415946,27.966666811988468,28.047619229271298,28.095238458542596,28.133333841959637,28.16666721162342,28.21904790969122,28.27142860775902,28.30476170494443,28.319047292073567,28.30476170494443,28.285714104062034,28.280952181134904,28.304761614118302,28.338094802129838,28.33809489295596
2031,24.33333324250721,25.028571446736652,25.542857306344168,25.91904776436942,26.261904943557013,26.609523864019486,26.928571428571427,27.20000003633045,27.423809596470424,27.59047626313709,27.69523811340332,27.78571419488816,27.861904598417738,27.961904798235214,28.05238115219843,28.090476535615466,28.114286150251115,28.123809996105376,28.119048073178245,28.142857687813894,28.147619610741025,28.195238385881698,28.25238100687663,28.30952362787156,28.36190432593936,28.376190003894624,28.371428080967494
2032,24.652380988711403,25.290476208641415,25.819047655378068,26.238095328921364,26.571428753080824,26.890476317632768,27.16666684831892,27.428571428571427,27.652380897885276,27.819047564551944,27.957142875308083,28.05714307512556,28.128571919032506,28.204762231735955,28.261904852730886,28.319047473725817,28.36666624886649,28.399999618530273,28.419047310238792,28.43809500194731,28.461904616582963,28.46666653951009,28.49047615414574,28.49047615414574,28.49523807707287,28.50952384585426,28.50476192292713
2033,24.404761813935778,25.033333188011532,25.509523755028134,25.919047673543293,26.30952380952381,26.642857324509393,26.957142875308083,27.25238100687663,27.47142882574172,27.633333297002885,27.785714285714285,27.885714213053387,27.995237986246746,28.08571452186221,28.157143002464657,28.22857139224098,28.280952181134904,28.319047110421316,28.376190003894624,28.409523464384534,28.457142693655832,28.52380961463565,28.547619229271298,28.576190766834078,28.580952689761208,28.571428843906947,28.55714307512556
2034,24.623809541974747,25.28095245361328,25.85714303879511,26.30476206824893,26.619047709873744,26.880952471778507,27.0761904943557,27.28095245361328,27.457143147786457,27.60476203191848,27.7476190839495,27.842857088361466,27.961904707409087,28.071428571428573,28.142857324509393,28.223809560139973,28.280952181134904,28.309523537045433,28.357142493838357,28.3999997093564,28.404761632283527,28.423809233165922,28.44761884780157,28.452380770728702,28.46666653951009,28.49523807707287,28.5
2035,24.623809632800874,25.247619174775622,25.723809741792223,26.11428587777274,26.461904798235214,26.766666775658017,27.061904907226562,27.295238313220796,27.509524118332635,27.700000127156574,27.809523900349934,27.914285750616166,27.995238167898997,28.066666920979817,28.133333660307386,28.138095583234513,28.18571463085356,28.2000002179827,28.20952388218471,28.257142748151505,28.261904580252512,28.266666412353516,28.24761899312337,28.2523809160505,28.266666503179643,28.295237768264045,28.352380570911226
2036,24.647619065784273,25.214285714285715,25.642857142857142,25.96666653951009,26.276190439860027,26.595238095238095,26.933333260672434,27.21904772803897,27.485714231218612,27.690476099650066,27.819047564551944,27.952380952380953,28.038095383417037,28.095238458542596,28.157143274943035,28.219047818865096,28.276190439860027,28.30952344621931,28.323809124174574,28.347618738810223,28.342856815883092,28.35238066173735,28.395237695603143,28.366666158040363,28.376190003894624,28.35714240301223,28.38571394057501
2037,24.595238095238095,25.30476188659668,25.842857088361466,26.219047637212846,26.509523755028134,26.79047611781529,27.090476353963215,27.352381115867978,27.547619138445175,27.714285714285715,27.790476026989165,27.885714031401136,27.96666653951009,28.038095383417037,28.104762304396857,28.133333841959637,28.171429043724423,28.204762231735955,28.2476190839495,28.266666503179643,28.29047593616304,28.314285278320312,28.3285710471017,28.376190185546875,28.39523778642927,28.404761632283527,28.39523778642927
2038,24.580952326456707,25.276190439860027,25.852380934215727,26.309523718697683,26.6999998546782,27.05238087972005,27.319047655378068,27.514285859607515,27.700000127156574,27.838095437912713,27.947619211106073,28.066666830153693,28.16666684831892,28.238095328921364,28.280952362787154,28.304761614118302,28.314285278320312,28.323809124174574,28.357142312186106,28.380951926821755,28.433333079020183,28.44285692487444,28.47142846243722,28.485714231218612,28.49047615414574,28.5,28.49047615414574
2039,24.680952344621932,25.399999981834775,25.966666630336217,26.390476135980514,26.71904754638672,26.971428553263348,27.176190421694802,27.385714394705637,27.576190585181827,27.747619174775622,27.88095256260463,27.980952489943732,28.05714307512556,28.100000381469727,28.138095764886764,28.157143456595286,28.180952980404808,28.21904790969122,28.257142838977632,28.304761614118302,28.338094620477584,28.357142312186106,28.366666158040363,28.371428080967494,28.371428080967494,28.371428080967494,28.399999618530273
2040,24.53333327883766,25.161904743739537,25.604761759440105,26.071428480602446,26.509523755028134,26.876190367199126,27.19047619047619,27.466666630336217,27.685714176722936,27.847619102114724,27.99523825872512,28.090476535615466,28.166667120797293,28.242857433500745,28.280952362787154,28.328571137927828,28.366666158040363,28.376190003894624,28.395237695603143,28.395237695603143,28.428571156093053,28.433333079020183,28.433333079020183,28.46666653951009,28.49047615414574,28.50952384585426,28.55714307512556
2041,24.609523864019486,25.28571437654041,25.80476188659668,26.242857161022368,26.571428662254696,26.871428535098122,27.128571374075754,27.333333333333332,27.528571265084402,27.69047600882394,27.83809516543434,27.999999909173873,28.100000018165225,28.166666666666668,28.242857070196244,28.271428335280646,28.33333297002883,28.3523804800851,28.3523804800851,28.38571394057501,28.38571394057501,28.3999997093564,28.41428538731166,28.419047310238792,28.409523464384534,28.404761541457404,28.419047310238792
2042,24.576190585181827,25.242857251848495,25.71904772803897,26.123809723626998,26.466666811988468,26.771428698585147,27.061904816400435,27.29999996366955,27.490476244971866,27.63809503827776,27.75714265732538,27.86190450759161,27.94285692487444,28.02857153756278,28.119047891525994,28.171428862072172,28.204762231735955,28.233333405994234,28.266666503179643,28.30476170494443,28.36190432593936,28.380951926821755,28.385713849748885,28.366666158040363,28.323809033348446,28.319047110421316,28.295237768264045
2043,24.676190512520925,25.44761912027995,26.05714289347331,26.48095230829148,26.857142675490607,27.119047346569243,27.352380752563477,27.542857033865793,27.714285714285715,27.88095256260463,27.980952671595983,28.100000199817476,28.18571444920131,28.257142838977632,28.314285459972563,28.371428262619744,28.395237695603143,28.41428538731166,28.457142693655832,28.49047615414574,28.538095383417037,28.566666920979817,28.595238458542596,28.604762304396857,28.590476535615466,28.609524227323988,28.614286150251115
2044,24.433333442324685,25.133333478655135,25.728571483067103,26.22380946931385,26.547618956792924,26.86190450759161,27.128571283249627,27.352380843389604,27.619047528221493,27.814285823277064,27.97142882574172,28.085714703514462,28.180952707926433,28.261904943557013,28.304761795770553,28.371428262619744,28.428571156093053,28.44761884780157,28.49523807707287,28.5,28.50476192292713,28.53333346048991,28.52380961463565,28.55238115219843,28.566666920979817,28.571428843906947,28.61428605942499
2045,24.652380988711403,25.352381025041854,25.93809545607794,26.32857168288458,26.685714540027437,26.99523825872512,27.238095419747488,27.514285677955264,27.72380946931385,27.900000163487025,28.042857397170295,28.14761933826265,28.25714311145601,28.319047655378068,28.39047604515439,28.461904616582963,28.49523807707287,28.49523807707287,28.49523807707287,28.5,28.50476192292713,28.56190499805269,28.600000381469727,28.64285759698777,28.6714289528983,28.676190875825426,28.676190694173176
2046,24.761904852730886,25.347619283766974,25.823809850783576,26.276190621512278,26.72380946931385,27.104761941092356,27.4238095056443,27.676190512520925,27.842857360839844,27.957143056960334,28.076190766834078,28.157143184116908,28.21904790969122,28.3000001453218,28.36666661217099,28.4238095056443,28.485714231218612,28.50476192292713,28.52380961463565,28.547619229271298,28.614285786946613,28.633333478655135,28.652381170363654,28.619047709873744,28.580952689761208,28.55714307512556,28.538095383417037
2047,24.9761905670166,25.704762140909832,26.228571664719354,26.604761941092356,26.9000000726609,27.166666666666668,27.366666793823242,27.547619229271298,27.680952344621932,27.78095227196103,27.87142835344587,27.97619038536435,28.080952326456707,28.157142911638534,28.24761899312337,28.338095074608212,28.376190276373002,28.44285692487444,28.47619038536435,28.485714231218612,28.52857153756278,28.55714307512556,28.590476535615466,28.600000381469727,28.64285741533552,28.63333356948126,28.676190603347052
2048,24.99047615414574,25.628571374075754,26.123809451148624,26.571428571428573,27.014285859607515,27.380952471778507,27.652380988711403,27.885714394705637,28.028571446736652,28.147618974958146,28.271428516932897,28.347618829636346,28.3999997093564,28.47142846243722,28.51904769170852,28.590476444789342,28.66190510704404,28.719047818865096,28.738095419747488,28.761904580252512,28.77142824445452,28.77142824445452,28.771428153628396,28.790475845336914,28.785714104062034,28.809523537045433,28.81428555079869
2049,24.852380934215727,25.55714280264718,26.10952359154111,26.542857033865793,26.92380932399205,27.21428562345959,27.50952384585426,27.780952362787154,27.976190748668852,28.18571444920131,28.314285823277064,28.36666661217099,28.442857015700568,28.5,28.53333346048991,28.576190766834078,28.600000381469727,28.623809996105376,28.657143274943035,28.680952889578684,28.728571664719354,28.771428516932897,28.804761614118302,28.804761614118302,28.795237949916295,28.804761795770553,28.790476026989165
2050,24.928571337745304,25.60476185026623,26.066666739327566,26.490476244971866,26.842857270013717,27.190476462954567,27.461904798235214,27.70476195925758,27.900000163487025,28.019047782534646,28.142857324509393,28.252381097702752,28.366666793823242,28.457142875308083,28.52380961463565,28.571428843906947,28.58571461268834,28.600000381469727,28.62857182820638,28.6476195199149,28.67142913455055,28.676191057477677,28.728571846371604,28.75238118852888,28.79523804074242,28.823809215000697,28.809523537045433
2051,24.78095227196103,25.423809414818173,25.871428444271995,26.2476190839495,26.623809541974747,27.004762013753254,27.31904783703032,27.638095401582262,27.828571592058456,27.990476426624117,28.123809541974747,28.228571301414853,28.338095074608212,28.433333079020183,28.49523807707287,28.547619229271298,28.600000381469727,28.600000381469727,28.623809996105376,28.63809567406064,28.666666939145042,28.71428580511184,28.738095147269114,28.77619016738165,28.80476143246605,28.809523355393182,28.814285278320312
2052,24.933333260672434,25.60952377319336,26.157143002464657,26.642857142857142,27.028571446736652,27.35714276631673,27.661904562087287,27.852380934215727,28.028571446736652,28.157142820812407,28.25238100687663,28.323809396652948,28.39523796808152,28.452380952380953,28.547618956792924,28.633333297002885,28.690476099650066,28.776190258207777,28.80476170494443,28.814285459972563,28.819047382899694,28.78571419488816,28.77142842610677,28.766666594005766,28.742857251848495,28.780952362787154,28.780952181134904
2053,24.83809534708659,25.485714322044736,25.995238167898997,26.42380968729655,26.795238131568546,27.13809531075614,27.376190548851376,27.561904816400435,27.738095238095237,27.88571430387951,28.052380788893927,28.204761686779204,28.338095074608212,28.44761884780157,28.514285768781388,28.56190499805269,28.595238458542596,28.62857182820638,28.652381261189777,28.680952526274183,28.700000127156574,28.7238096509661,28.728571483067103,28.71428598676409,28.733333587646484,28.704762231735955,28.723809741792223
2054,25.199999945504324,25.71904754638672,26.138095219930012,26.58571434020996,26.895238058907644,27.180952526274183,27.4761905670166,27.74761926560175,27.985714412870863,28.19047619047619,28.390476317632768,28.514285859607515,28.60476221357073,28.68571463085356,28.733333405994234,28.780952181134904,28.83333297002883,28.880951926821755,28.93809500194731,28.96666653951009,28.99523807707287,29.02380961463565,29.014285768781388,29.03333346048991,29.038095383417037,29.05238115219843,29.06190499805269
2055,25.128571555728005,25.83333342415946,26.399999981834775,26.828571410406205,27.214285532633465,27.519047419230144,27.823809487479075,28.061904725574312,28.238095147269114,28.40476199558803,28.51904769170852,28.628571374075754,28.71904745556059,28.780951999482653,28.847618466331845,28.890475772676012,28.93809500194731,28.985714231218612,29.00952384585426,29.02380961463565,29.03333346048991,29.042857306344168,29.080952689761208,29.114286150251115,29.147619610741025,29.157143456595286,29.161905379522416
2056,25.11904780069987,25.74285734267462,26.233333496820357,26.666666666666668,27.0238094329834,27.347618920462473,27.595237913585844,27.799999872843426,28.02380934215727,28.20476177760533,28.357142857142858,28.480952399117605,28.566666920979817,28.62857182820638,28.68571463085356,28.747619174775622,28.785714104062034,28.80476143246605,28.833332697550457,28.842856543404714,28.861904235113236,28.876190003894624,28.91428538731166,28.923809233165922,28.952380770728702,28.99523807707287,29.0
2057,25.209523700532458,25.828571410406205,26.214285714285715,26.590476172310964,26.94285710652669,27.247618902297248,27.523809251331148,27.78095227196103,28.004761832101003,28.147618974958146,28.314285641624814,28.466666630336217,28.566666830153693,28.63333375113351,28.69523856753395,28.723809923444474,28.771428698585147,28.819047473725817,28.85714258466448,28.933333079020183,28.961904616582963,28.99523807707287,29.02857153756278,29.02857153756278,29.05714307512556,29.066666920979817,29.05238115219843
2058,25.147619065784273,25.742857161022368,26.238095328921364,26.70476195925758,27.16666675749279,27.547619138445175,27.78571437654041,28.0,28.161904562087287,28.290476026989165,28.414285568963912,28.514285768781388,28.614285968598864,28.676190603347052,28.7523809160505,28.804761614118302,28.85714240301223,28.895237695603143,28.919047310238792,28.94285692487444,28.97619038536435,29.0,29.047619229271298,29.11428587777274,29.13333356948126,29.16666702997117,29.14761933826265
2059,25.133333478655135,25.85714294796898,26.47142864408947,26.952381043207076,27.28095227196103,27.580952144804456,27.823809487479075,27.99047633579799,28.157143093290784,28.30952417282831,28.40476217724028,28.51428595043364,28.576190766834078,28.623809905279252,28.680952707926433,28.728571483067103,28.799999872843426,28.847618647984095,28.895237695603143,28.899999618530273,28.904761541457404,28.93809500194731,28.919047310238792,28.928571156093053,28.93809500194731,28.890475772676012,28.899999618530273
2060,25.347618829636346,25.99047615414574,26.461904798235214,26.885714394705637,27.180952617100306,27.4761905670166,27.733333496820357,27.923809778122674,28.119047709873744,28.27142860775902,28.35714276631673,28.457142693655832,28.547619138445175,28.61428605942499,28.690476462954567,28.747619174775622,28.761904671078636,28.780951999482653,28.8285710471017,28.85238066173735,28.923809233165922,28.98095230829148,29.00952384585426,29.02857153756278,29.02857153756278,29.02857153756278,29.095238095238095
2061,25.242857161022368,25.9238095056443,26.461904798235214,26.88571430387951,27.338095256260463,27.71904790969122,28.009523936680385,28.233333405994234,28.400000163487025,28.519047782534646,28.638095401582262,28.723809741792223,28.800000054495676,28.871428535098122,28.94285710652669,28.99523807707287,29.00952384585426,29.014285768781388,29.014285768781388,29.01904769170852,29.02380961463565,29.05714307512556,29.080952689761208,29.114286150251115,29.142857687813894,29.171429043724423,29.185714721679688
2062,25.233333315168107,25.842857179187593,26.361904780069988,26.871428625924246,27.309523718697683,27.66666675749279,27.966666630336217,28.219047637212846,28.423809596470424,28.57619031270345,28.709523609706334,28.795237768264045,28.87142817179362,28.933333079020183,29.00476192292713,29.066666920979817,29.123809996105376,29.157143456595286,29.19047673543294,29.22380983261835,29.261904761904763,29.2761903490339,29.309523537045433,29.3285710471017,29.314285459972563,29.33333297002883,29.342856815883092
2063,25.095238276890345,25.7761907123384,26.266666775658017,26.69047619047619,27.080952326456707,27.442857015700568,27.790476026989165,28.057142711821058,28.314285641624814,28.480952489943732,28.595238276890345,28.700000127156574,28.752380825224378,28.823809215000697,28.890475772676012,28.94285692487444,28.99047615414574,29.03333346048991,29.042857306344168,29.071428843906947,29.090476535615466,29.100000381469727,29.157143274943035,29.171429043724423,29.176190966651554,29.166667120797293,29.1714289528983
2064,25.152381170363654,25.81428591410319,26.323809669131325,26.77142860775902,27.171428680419922,27.519047600882395,27.7476190839495,27.923809778122674,28.095238095238095,28.25238100687663,28.376190548851376,28.495238167898997,28.590476353963215,28.652381352015905,28.714286077590216,28.757142929803756,28.795237949916295,28.847618738810223,28.885713849748885,28.8999997093564,28.9476189386277,28.938095092773438,28.966666630336217,29.038095383417037,29.047619229271298,29.08571461268834,29.100000381469727
2065,25.333333333333332,25.828571410406205,26.309523718697683,26.757142748151505,27.16190465291341,27.580952326456707,27.904761813935778,28.161904743739537,28.4000000726609,28.566666557675315,28.6999998546782,28.828571319580078,28.938095092773438,29.014285768781388,29.066666920979817,29.119048073178245,29.176190784999303,29.223809560139973,29.276190258207777,29.323809033348446,29.319047110421316,29.31428536914644,29.30476170494443,29.2999997820173,29.309523537045433,29.328570956275577,29.34285663423084
2066,25.59047608148484,26.180952253795805,26.58571415855771,26.98571404956636,27.366666521344865,27.704761868431454,28.042857033865793,28.242857161022368,28.414285932268417,28.5761904943557,28.652380988711403,28.7523809160505,28.842856997535343,28.86190468924386,28.91904758271717,28.96666672116234,29.00000018165225,29.066666920979817,29.13809531075614,29.171428589593795,29.21428562345959,29.25238073439825,29.252380825224378,29.242857161022368,29.252381097702752,29.266666866484144,29.29523822239467
2067,25.495237986246746,26.228571301414853,26.804761795770553,27.261904580252512,27.6999998546782,28.052380788893927,28.323809487479075,28.55714280264718,28.695238022577193,28.823809487479075,28.933333260672434,29.028571628388903,29.123809905279252,29.185714540027437,29.261904852730886,29.328571319580078,29.38095201764788,29.399999618530273,29.399999618530273,29.366666158040363,29.342856725056965,29.357142493838357,29.390475954328263,29.423809414818173,29.48095230829148,29.50476192292713,29.51904769170852
2068,25.509523755028134,26.195238022577193,26.71904754638672,27.13809531075614,27.461904798235214,27.771428516932897,28.080952326456707,28.357142675490607,28.585714067731583,28.72380919683547,28.842856815883092,28.899999618530273,28.957142693655832,29.01904769170852,29.080952508108957,29.14285741533552,29.180952707926433,29.233333587646484,29.261904852730886,29.285714104062034,29.309523355393182,29.333332697550457,29.342856543404714,29.366666158040363,29.404761541457404,29.43809500194731,29.461904616582963
2069,25.44285719735282,26.161904743739537,26.652380988711403,27.038095201764786,27.399999981834775,27.761904671078636,28.06190454392206,28.314285641624814,28.50476192292713,28.652380988711403,28.7523809160505,28.809523537045433,28.861904416765487,28.899999618530273,28.94285692487444,28.96666653951009,29.014285768781388,29.06190499805269,29.109524227323988,29.147619610741025,29.142857687813894,29.1476195199149,29.171428862072172,29.20952388218471,29.261904580252512,29.323809124174574,29.323809215000697
2070,25.50952384585426,26.271428516932897,26.79523804074242,27.24761899312337,27.609523682367232,27.82857150123233,28.0238094329834,28.21904754638672,28.385714213053387,28.580952144804456,28.742856979370117,28.866666521344865,28.96666653951009,29.01904769170852,29.05714307512556,29.104762122744607,29.14761933826265,29.16190510704404,29.200000308808825,29.233333405994234,29.276190439860027,29.328571137927828,29.366666158040363,29.395237695603143,29.395237695603143,29.419047310238792,29.433333079020183
2071,25.471428553263348,26.10476166861398,26.657142729986283,27.190476099650066,27.628571374075754,27.952380861554825,28.190476099650066,28.39047622680664,28.58095223563058,28.71428562345959,28.828571319580078,28.9476189386277,29.042857306344168,29.123809905279252,29.171429043724423,29.185714812505815,29.238095510573615,29.285714285714285,29.314285641624814,29.39047604515439,29.390475954328263,29.385714031401136,29.399999618530273,29.35714240301223,29.380952108474006,29.419047491891043,29.461904798235214
2072,25.78571401323591,26.3999997093564,26.842856997535343,27.242857070196244,27.642857142857142,27.980952399117605,28.238095328921364,28.519047600882395,28.742857161022368,28.938095183599565,29.123809269496373,29.22857102893648,29.290475572858536,29.314285096668062,29.338094620477584,29.385713849748885,29.44285692487444,29.49523807707287,29.514285768781388,29.50952384585426,29.50952384585426,29.49047615414574,29.50476192292713,29.547619229271298,29.56190499805269,29.58571452186221,29.623809905279252
2073,25.633333297002885,26.338095256260463,26.895238240559895,27.338095437912713,27.738095510573615,28.076190766834078,28.352381206694105,28.58095241728283,28.761904671078636,28.876190367199126,28.961904707409087,29.02380961463565,29.090476444789342,29.157143002464657,29.200000127156574,29.271428516932897,29.342856906709216,29.376190276373002,29.438095092773438,29.47619038536435,29.47142846243722,29.47619038536435,29.457142693655832,29.44285692487444,29.428571156093053,29.399999618530273,29.399999618530273
2074,25.871428444271995,26.5999999273391,27.095238186064222,27.4761905670166,27.78095254443941,28.01904769170852,28.22380946931385,28.452380861554825,28.647618884132022,28.81428573245094,28.957142966134207,29.038095383417037,29.11428587777274,29.171428589593795,29.2238092876616,29.27619016738165,29.299999691191175,29.29047593616304,29.304761614118302,29.33809498378209,29.37142817179362,29.404761632283527,29.428571156093053,29.452380770728702,29.452380770728702,29.49047615414574,29.5
2075,25.790476299467542,26.490476244971866,27.014285768781388,27.44761912027995,27.804761977422807,28.109523864019486,28.371428625924246,28.566666557675315,28.72380919683547,28.842856815883092,28.933333169846307,29.00476192292713,29.08571452186221,29.157143002464657,29.21428562345959,29.25714265732538,29.30476152329218,29.342856725056965,29.376190185546875,29.428571156093053,29.461904616582963,29.49523807707287,29.52380961463565,29.538095383417037,29.571428843906947,29.604762304396857,29.623809996105376
2076,25.661904562087287,26.385714031401136,26.980952217465354,27.466666630336217,27.83333342415946,28.119047709873744,28.304761977422807,28.476190294538224,28.61428524198986,28.714285169328964,28.86666624886649,28.919047310238792,28.99523807707287,29.100000018165225,29.185714176722936,29.280952181134904,29.328570956275577,29.366666158040363,29.395237695603143,29.419047310238792,29.452380770728702,29.485714231218612,29.485714231218612,29.485714231218612,29.5,29.51904769170852,29.542857306344168
2077,25.847618920462473,26.4476189386277,26.9000000726609,27.30952380952381,27.68571444920131,27.985714231218612,28.22380946931385,28.44285719735282,28.61904743739537,28.752380825224378,28.876190367199126,28.985714231218612,29.07619067600795,29.16666675749279,29.24761899312337,29.314285459972563,29.37142817179362,29.433333079020183,29.47619038536435,29.50476192292713,29.547619229271298,29.538095383417037,29.56190499805269,29.590476535615466,29.56190499805269,29.58571461268834,29.576190766834078
2078,25.842857088361466,26.52857135591053,27.05714262099493,27.466666448683966,27.790476026989165,28.06190454392206,28.29523804074242,28.471428553263348,28.604761759440105,28.757142838977632,28.85714276631673,28.94285710652669,29.02380961463565,29.080952689761208,29.180952617100306,29.261904852730886,29.352380934215727,29.395237877255393,29.42380932399205,29.433333169846307,29.433333169846307,29.461904616582963,29.457142693655832,29.461904616582963,29.48095230829148,29.50952384585426,29.52857153756278
2079,25.780952362787154,26.438095183599565,26.942857015700568,27.361904598417738,27.790476026989165,28.09047608148484,28.39523814973377,28.61904761904762,28.757142838977632,28.89047622680664,28.985714231218612,29.08571434020996,29.180952344621932,29.266666503179643,29.342856815883092,29.409523464384534,29.423809233165922,29.47142846243722,29.50952384585426,29.547619229271298,29.590476535615466,29.590476535615466,29.590476535615466,29.609524227323988,29.58571461268834,29.6000002906436,29.63333375113351
2080,25.804761977422807,26.585714431036088,27.16666684831892,27.642857324509393,28.019047782534646,28.295238131568546,28.557142711821058,28.728571119762602,28.89047604515439,29.0238094329834,29.123809541974747,29.25238100687663,29.33333324250721,29.40952373686291,29.50476192292713,29.571428753080824,29.623809905279252,29.652381352015905,29.647619429088774,29.63809567406064,29.68571444920131,29.714285895937966,29.728571664719354,29.757142929803756,29.72380983261835,29.72380983261835,29.738095328921364
2081,25.79047611781529,26.55714289347331,27.14285705203102,27.595238095238095,27.976190294538224,28.228571301414853,28.466666630336217,28.676190330868675,28.842857179187593,28.980952489943732,29.100000018165225,29.171428680419922,29.261904761904763,29.338095074608212,29.380952290126256,29.44761884780157,29.49047615414574,29.51904769170852,29.542857306344168,29.590476535615466,29.628571919032506,29.65714336576916,29.66666721162342,29.704762231735955,29.70952406383696,29.738095238095237,29.761904671078636
2082,25.761904671078636,26.471428553263348,27.019047600882395,27.51904769170852,27.9761905670166,28.276190621512278,28.542857124691917,28.757142838977632,28.90476199558803,29.061904634748185,29.166666666666668,29.252380825224378,29.299999600365048,29.347618738810223,29.41428538731166,29.47619038536435,29.52380961463565,29.53333346048991,29.580952689761208,29.571428843906947,29.580952689761208,29.652381352015905,29.666666939145042,29.69523829505557,29.719047818865096,29.719047818865096,29.709523973010835
2083,25.81428573245094,26.50952384585426,27.047618956792924,27.50476192292713,27.838095256260463,28.142857142857142,28.371428716750373,28.595238186064222,28.766666684831893,28.92380968729655,29.061904816400435,29.161904743739537,29.242856979370117,29.333333060854958,29.38571394057501,29.395237695603143,29.409523464384534,29.404761541457404,29.41428538731166,29.461904616582963,29.49523807707287,29.55714307512556,29.595238458542596,29.580952689761208,29.590476535615466,29.55714307512556,29.538095292590913
2084,25.852381115867978,26.542857124691917,27.038095201764786,27.466666630336217,27.876190458025253,28.2000002179827,28.47142891656785,28.685714540027437,28.847619283766974,28.976190748668852,29.090476535615466,29.176190875825426,29.266666957310267,29.323809578305198,29.40952373686291,29.49523807707287,29.542857306344168,29.604762304396857,29.623809996105376,29.614286150251115,29.647619429088774,29.680952435448056,29.70476195925758,29.77142842610677,29.752380825224378,29.7238096509661,29.700000127156574
2085,25.99523807707287,26.71904754638672,27.209523700532458,27.623809541974747,27.923809414818173,28.20476195925758,28.461904798235214,28.647618884132022,28.823809487479075,28.97142864408947,29.076190585181827,29.17142877124605,29.2476190839495,29.295237859090168,29.338094802129838,29.376190003894624,29.428571156093053,29.49047615414574,29.547619229271298,29.600000381469727,29.633333841959637,29.647619610741025,29.671429043724423,29.70952406383696,29.7523809160505,29.747618720644997,29.752380552746
2086,26.080952508108957,26.761904761904763,27.257142838977632,27.61428569612049,27.995238167898997,28.323809487479075,28.58095241728283,28.83333342415946,28.980952399117605,29.095238186064222,29.185714358375186,29.238095147269114,29.309523537045433,29.36666643051874,29.433333260672434,29.514285768781388,29.571428843906947,29.619048073178245,29.6476195199149,29.67142913455055,29.723809923444474,29.752381097702752,29.761904943557013,29.809523718697683,29.823809305826824,29.80476170494443,29.85714240301223
2087,26.17142849876767,26.75238100687663,27.223809560139973,27.628571555728005,28.02857153756278,28.380952290126256,28.680952253795805,28.909523646036785,29.10952359154111,29.257142748151505,29.385714213053387,29.46666653951009,29.52857153756278,29.566666920979817,29.61428587777274,29.695238204229447,29.72857139224098,29.795237859090168,29.833333060854958,29.87142835344587,29.94285692487444,29.957142693655832,29.96666653951009,29.99523807707287,30.01904769170852,30.05238115219843,30.080952689761208
2088,25.91428584144229,26.67142877124605,27.27619053068615,27.766666594005766,28.133333297002885,28.457142693655832,28.742857161022368,28.96666672116234,29.147618884132022,29.29999996366955,29.40952373686291,29.50952384585426,29.60476203191848,29.66666684831892,29.704762231735955,29.72857157389323,29.757142838977632,29.80476188659668,29.842856815883092,29.909523464384534,29.909523464384534,29.94285692487444,29.99523807707287,30.038095383417037,30.080952689761208,30.071428843906947,30.1000002906436
2089,26.071428571428573,26.790476208641415,27.333333333333332,27.78095245361328,28.176190421694802,28.55714289347331,28.842857360839844,29.047619047619047,29.21428562345959,29.33333324250721,29.409523555210658,29.47619038536435,29.547619229271298,29.590476535615466,29.642857687813894,29.69523856753395,29.72857157389323,29.761904580252512,29.785713922409784,29.823809033348446,29.852380570911226,29.866666339692614,29.899999618530273,29.904761541457404,29.89047586350214,29.904761723109655,29.904761723109655
2090,26.071428571428573,26.723809560139973,27.20476195925758,27.661904743739537,28.0761904943557,28.395238058907644,28.66666657584054,28.83809534708659,28.99523825872512,29.123809451148624,29.233333224341983,29.342856997535343,29.433333079020183,29.49523807707287,29.566666920979817,29.595238458542596,29.657143184116908,29.700000127156574,29.738095056442987,29.776190076555526,29.814285187494185,29.823808942522323,29.82857086544945,29.852380389258975,29.83333278837658,29.83333278837658,29.819047292073567
2091,26.309523718697683,27.028571446736652,27.538095383417037,27.866666793823242,28.157143093290784,28.395238240559895,28.609523864019486,28.847619102114724,29.033333369663783,29.180952253795805,29.299999872843426,29.371428262619744,29.44761884780157,29.47619038536435,29.53333346048991,29.590476535615466,29.604762304396857,29.66666721162342,29.685714812505815,29.695238658360072,29.71428616841634,29.704762413388206,29.75238118852888,29.771428516932897,29.80476170494443,29.83809471130371,29.857142312186106
2092,26.29523804074242,26.94285710652669,27.46666672116234,27.88095238095238,28.280952362787154,28.652381079537527,28.91904758271717,29.133333206176758,29.309523718697683,29.433333260672434,29.55714280264718,29.633333478655135,29.690476281302317,29.742856979370117,29.747618902297248,29.790475754510787,29.833332879202707,29.842856725056965,29.89523778642927,29.923809233165922,29.91428538731166,29.94761884780157,29.97619038536435,29.985714231218612,30.00476192292713,30.02380961463565,30.014285768781388
2093,26.323809487479075,27.061904816400435,27.590476353963215,28.038095474243164,28.423809778122674,28.69047655378069,28.876190821329754,29.038095383417037,29.209523791358585,29.314285641624814,29.433333260672434,29.542857306344168,29.642857324509393,29.71904772803897,29.79047611781529,29.85238066173735,29.909523555210658,29.97142846243722,29.985714231218612,29.985714231218612,29.957142693655832,29.919047310238792,29.895237695603143,29.86190432593936,29.88571394057501,29.909523555210658,29.938095092773438
2094,26.290476390293666,26.904762086414156,27.457142966134207,27.94285737900507,28.338095256260463,28.652380897885276,28.876190639677503,29.02857153756278,29.18571444920131,29.31904783703032,29.428571610223678,29.542857306344168,29.604762304396857,29.666667120797293,29.709524154663086,29.771428698585147,29.814285641624814,29.83809489295596,29.88571394057501,29.8999997093564,29.928571156093053,29.94761884780157,29.957142693655832,29.97619038536435,29.99523807707287,30.00952384585426,30.014285768781388
2095,26.533333369663783,27.157142911638534,27.609523864019486,28.00476192292713,28.323809396652948,28.623809541974747,28.91428565979004,29.0999999273391,29.21428562345959,29.295237859090168,29.361904416765487,29.44285692487444,29.51904769170852,29.580952508108957,29.652381261189777,29.680952617100306,29.69523829505557,29.71904772803897,29.7523809160505,29.766666412353516,29.81428536914644,29.842856725056965,29.871428080967494,29.928571156093053,29.933333079020183,29.933333079020183,29.93809500194731
2096,26.309523900349934,26.933333442324685,27.366666793823242,27.771428698585147,28.190476099650066,28.5238094329834,28.871428535098122,29.09047608148484,29.209523700532458,29.33333324250721,29.423809414818173,29.509523936680385,29.61428587777274,29.676190421694802,29.747618902297248,29.819047292073567,29.86190432593936,29.88571394057501,29.909523464384534,29.919047310238792,29.933333079020183,29.94761884780157,29.99523807707287,30.00952384585426,30.014285768781388,30.047619229271298,30.047619229271298
2097,26.461904707409087,27.138095219930012,27.733333224341983,28.257142838977632,28.600000018165225,28.89999989100865,29.157142820812407,29.347619102114724,29.50476192292713,29.619047709873744,29.69047637212844,29.7476190839495,29.79999996366955,29.885714213053387,29.952380861554825,30.0,30.038095383417037,30.05238115219843,30.071428843906947,30.090476535615466,30.114286150251115,30.114286150251115,30.133333841959637,30.147619610741025,30.16666702997117,30.180952798752557,30.19523847670782
2098,26.433333169846307,27.03333327883766,27.538095110938663,27.92380932399205,28.2999997820173,28.63809512910389,28.899999800182524,29.16190465291341,29.371428625924246,29.52857135591053,29.671428407941544,29.77142842610677,29.828571137927828,29.86666624886649,29.89523778642927,29.919047310238792,29.961904616582963,29.99523807707287,29.99523807707287,30.038095383417037,30.08095241728283,30.10000010899135,30.13809549240839,30.14761933826265,30.123809905279252,30.16190510704404,30.166666939145042
2099,26.452381043207076,27.03333327883766,27.52857135591053,27.952380952380953,28.33809516543434,28.652380897885276,28.91428584144229,29.10476185026623,29.266666775658017,29.400000163487025,29.509523936680385,29.6000002906436,29.68571444920131,29.7476190839495,29.795237949916295,29.838094802129838,29.857142493838357,29.861904416765487,29.909523464384534,29.94285692487444,29.97142846243722,30.01904769170852,30.085714431036088,30.123809814453125,30.14761933826265,30.157143184116908,30.14285759698777
2100,26.485714412870863,27.11904780069987,27.542857397170295,27.919047855195544,28.285714558192662,28.595238276890345,28.885714394705637,29.14285723368327,29.347619192940847,29.509524118332635,29.633333478655135,29.704762050083705,29.74761899312337,29.814285459972563,29.86190450759161,29.909523646036785,29.97619038536435,30.02380961463565,30.05238115219843,30.095238367716473,30.138095583234513,30.152381170363654,30.176190784999303,30.190476462954567,30.209523973010835,30.21904790969122,30.233333587646484
